"Forum: unnecessary privilege request","С форума: ненужный запрос привилегий","drkns 04.08.2020 17:56:27 +0100 - build 5649"
"Rewritten the screensaver (why not).","Переписан скринсейвер (а почему бы и нет).","drkns 29.07.2020 23:39:52 +0100 - build 5646"
"Unit tests preserve the clipboard.","Юнит-тесты не очищают буфер обмена.","drkns 24.05.2020 02:04:04 +0100 - build 5606"
"Titles for far:config dialog.","Заголовки для диалога far:config.","drkns 02.09.2019 21:09:11 +0100 - build 5463"
"Same for copying.","То же самое в копировании.","drkns 07.08.2019 20:01:30 +0100 - build 5446"
"VK_DECIMAL is not always the same as '.'.","VK_DECIMAL не всегда то же самое, что и '.'.","drkns 23.07.2019 19:23:43 +0100 - build 5433"
"Don't redraw panels while searching.","при поиске панели не перерисовываются.","zg 22.07.2019 05:02:32 +0300 - build 5428"
"Clarification of *.lng.custom loading order.","Уточнение порядка загрузки *.lng.custom.","drkns 11.07.2019 01:13:31 +0100 - build 5423"
"UI for names of highlight/sorting groups.","Интерфейс для имён групп раскраски/сортировки.","drkns 21.06.2019 20:40:14 +0100 - build 5416"
"Task List didn't show captionless windows.","Task List не показывал окна без заголовков.","drkns 24.01.2019 00:43:26 +0000 - build 5356"
"copying a folder keeps its timestamps.","сохранение всех дат папки при копировании.","zg 05.12.2018 18:17:44 +0200 - build 5337"
"Forum: Shift+BS doesn't reset the filter.","С форума: Shift+BS не сбрасывает фильтр.","drkns 29.10.2018 19:17:34 +0000 - build 5301"
"A few small tweaks of interaction with sqlite.","Несколько мелких оптимизаций в работе с sqlite.","drkns 02.08.2018 18:08:20 +0100 - build 5250"
"FCTL_CLOSEPANEL closes panel synchronously.","FCTL_CLOSEPANEL синхронно закрывает панель.","zg 22.07.2018 16:11:54 +0300 - build 5242"
"Adapters are shown in far:about.","Используемые адаптеры показываются в far:about.","drkns 15.07.2018 14:42:42 +0100 - build 5238"
"""Find all"" menu could be bigger than needed.","Меню ""Find all"" могло быть больше чем нужно.","drkns 23.05.2018 22:50:03 +0100 - build 5223"
"Forum: clock won't refresh.","С форума: не обновляются часы.","drkns 20.05.2018 11:51:48 +0100 - build 5219"
"Show less rubbish in Task List.","Показываем меньше мусора в списке задач.","drkns 21.04.2018 20:27:25 +0100 - build 5194"
"Show module name in the stack trace.","Показываем имя модуля в stack trace.","drkns 21.02.2018 01:56:58 +0000 - build 5147"
"Autodetect gcc platform.","Автодетект платформы при сборке в gcc.","drkns 13.02.2018 20:42:25 +0000 - build 5145"
"Forum: Commas in date","Форум: Запятые в дате","w17 08.02.2018 15:04:43 +0300 - build 5141"
"a non-modal dialog is shown immediately.","немодальный диалог показывается сразу.","zg 30.09.2017 15:01:48 +0300 - build 5050"
"Forum: unnecessary privilege request","С форума: ненужный запрос привилегий","drkns 23.06.2017 16:48:00 +0000 - build 4978"
"Regular headings in all cpp/hpp files.","Приведены в порядок шапки во всех cpp/hpp.","drkns 22.08.2016 11:43:23 +0200"
"Restore compatibility with Win2k.","Восстановим работоспособность в Win2k.","drkns 17.06.2016 15:12:33 +0200 - build 4710"
"slow ECTL_INSERTTEXT after 4673.","медленная работа ECTL_INSERTTEXT после 4673.","zg 21.05.2016 04:45:34 +0200 - build 4685"
"artifacts on altf9 in a combo box.","артефакты при altf9 из комбобокса.","zg 19.05.2016 18:08:09 +0200 - build 4681"
"Missing standard headers in some *.hpp.","Не хватало стандартных шапок в некоторых *.hpp.","drkns 10.05.2016 22:45:32 +0200 - build 4669"
"DM_SETCOMBOBOXEVENT returned garbage.","DM_SETCOMBOBOXEVENT возвращало мусор.","zg 25.04.2016 23:43:02 +0200 - build 4638"
"Ask for name & password for cd \\server\share","Спрашиваем имя & пароль при cd \\server\share","drkns 24.03.2016 23:04:54 +0200 - build 4598"
"Forum: excessive redraw of associations menu.","С форума: лишняя перерисовка меню ассоциаций.","drkns 26.01.2016 09:43:57 +0200 - build 4520"
"Grabber mode can be cancelled with F10.","Из граббера можно выйти по F10.","drkns 10.01.2016 17:18:42 +0200 - build 4506"
"Always write the size of data.","Размер данных пишем всегда.","drkns 01.01.2016 16:05:03 +0200 - build 4501"
"assert on alt-65536 input in editor.","assert при вводе alt-65536 в редакторе.","zg 16.12.2015 22:53:06 +0200 - build 4477"
"Do not sort modified description files.","Не сортируем файлы описаний при изменении.","drkns 29.07.2015 23:25:17 +0200 - build 4404"
"processing of CtrlAltShift is isolated.","изолирована обработка нажатия CtrlAltShift.","zg 09.04.2015 03:05:55 +0200 - build 4337"
"0002970: Issues with window caption refresh","0002970: Случаи необновления заголовка окна","drkns 17.03.2015 23:32:39 +0200 - build 4310"
"Forum: msgbox('""""','""""') does not output quotes","С форума: msgbox('""""','""""') не выводит кавычки","drkns 16.11.2014 15:04:03 +0200 - build 4191"
"Launch of modal windows is redone.","переделан запуск модальных окон.","zg 21.08.2014 01:26:03 +0200 - build 4061"
"fast search in panels - the real window.","быстрый поиск в панелях - честное окно.","zg 16.08.2014 22:08:40 +0200 - build 4053"
"0002445: Copying of encrypted (EFS) files","0002445: Копирование зашифрованных (EFS) файлов","drkns 01.08.2014 21:36:24 +0200 - build 4033"
"EMenu was always called with OPEN_LEFTDISKMENU","EMenu всегда вызывался с OPEN_LEFTDISKMENU","svs 07.07.2014 13:58:08 +0400 - build 3980"
"<ACHTUNG!>","<АХТУНГ!>","svs 18.03.2014 15:20:34 +0400 - build 3836"
"""Restore"" custom sorting modes.","""Восстановим"" кастомные режимы сортировки.","drkns 03.01.2014 04:00:21 +0200 - build 3755"
"Forgotten lancet inside 3694.","В 3694 забыли скальпель.","drkns 07.10.2013 20:28:43 +0200 - build 3695"
"Placing NullToEmpty in right places.","Расставляем NullToEmpty в нужных местах.","drkns 26.07.2013 23:18:26 +0200 - build 3565"
"Placing NullToEmpty in right places.","Расставляем NullToEmpty в нужных местах.","drkns 26.07.2013 22:25:11 +0200 - build 3564"
"Avoiding the recursion in file mask groups.","Предотвращение рекурсии в группах масок файлов.","drkns 02.07.2013 16:34:23 +0200 - build 3493"
"0002424: Undo does not restore bookmarks","0002424: Undo не восстанавливает закладки","drkns 12.06.2013 21:24:50 +0200 - build 3450"
"M#2412: DFS links view on CtrlA","M#2412: просмотр ссылок DFS по CtrlA","w17 26.05.2013 00:04:03 +0400 - build 3425"
"ChangeTime was not filled in GetPanelItem.","В GetPanelItem не заполнялось ChangeTime.","drkns 10.04.2013 12:15:01 +0200 - build 3319"
"ChangeTime was not filled in FarGetDirList.","В FarGetDirList не заполнялось ChangeTime.","drkns 10.04.2013 11:30:59 +0200 - build 3318"
"FAR stuck at the start in 3310.","В 3310 фар застревал при запуске.","t-rex 09.04.2013 16:37:04 +0200 - build 3311"
"Syncing of keybars and the language file","Синхронизация кейбаров и языкового файла","w17 14.03.2013 15:40:18 +0400 - build 3247"
"0002306: panel not initialized","0002306: не инициализируется панель","drkns 16.02.2013 14:57:06 +0200 - build 3201"
"0002306: panel not initialized","0002306: не инициализируется панель","drkns 16.02.2013 13:22:34 +0200 - build 3200"
"SCTL_ENUM returned wrong value.","SCTL_ENUM возвращал не то что надо.","t-rex 08.02.2013 16:52:35 +0200 - build 3167"
"0002292: ESPT_CODEPAGE corrupts the file","0002292: ESPT_CODEPAGE портит файл","w17 08.02.2013 18:51:02 +0400 - build 3166"
"Drawing artifacts in InfoPanel","Артефакты прорисовки в InfoPanel","svs 20.12.2012 11:31:27 +0400 - build 3035"
"search failure after '\0' in editor","не работал поиск в редакторе после '\0'","w17 28.11.2012 19:22:32 +0400 - build 2979"
"Excessive SetCurrentDirectory call in launcher.","Лишний вызов SetCurrentDirectory в запускателе.","drkns 22.11.2012 19:41:01 +0200 - build 2969"
"Conflicting hotkeys in editor settings dialog","Одинаковые хоткеи в диалоге настройки редактора","svs 20.11.2012 12:48:10 +0400 - build 2960"
"couldn't close the print window (M#2193.1)","Не убиралось с экрана окно печати (M#2193.1)","lort 09.11.2012 23:06:48 +0400 - build 2941"
"0002165: Encoding selection cancellation","0002165: Отмена выбора кодировки","drkns 02.10.2012 22:11:59 +0200 - build 2862"
"GETTEXT returned L""\0""; instead of empty string","Вместо пустой строки GETTEXT возвращал L""\0"";","w17 28.09.2012 08:09:25 +0400 - build 2845"
"another excessive one","ещё одна лишняя","w17 26.09.2012 10:49:55 +0400 - build 2841"
"Leave vswscanf for gcc.","Оставим vswscanf для gcc.","drkns 23.09.2012 20:31:24 +0200 - build 2833"
"PanelMode got rid of StructSize field.","из PanelMode убрано поле StructSize.","zg 23.09.2012 00:37:48 +0200 - build 2827"
"some structures lost the Reserved field.","из некоторых структур убраны поля Reserved.","zg 23.09.2012 00:37:48 +0200 - build 2827"
"Launcher and Opt.Clock","Запускатель и Opt.Clock","w17 23.07.2012 13:36:10 +0400 - build 2772"
"M#2124: /$/m regex ""non-standard"" behavior","M#2124: Регекс /$/m работает ""нестандартно""","w17 07.06.2012 13:35:13 +0400 - build 2723"
"viewer's minimal changes after 2707","минимальные правки вьювера после 2707","w17 30.05.2012 20:16:33 +0400 - build 2709"
"History settings are accessible via far:config.","Настройки историй доступны через far:config.","drkns 18.05.2012 13:32:43 +0200 - build 2688"
"0002093: Ctrl-PgUp shows volumes list only","0002093: Ctrl-PgUp дает только список дисков","drkns 02.05.2012 18:01:04 +0200 - build 2654"
"Far.Cfg.Get returns public settings only.","Far.Cfg.Get отдаёт только публичные настройки.","zg 13.04.2012 19:36:08 +0200 - build 2612"
"M#2048: Search in directories containing "";""","M#2048: Поиск в каталогах с символом ;","w17 11.03.2012 14:38:39 +0400 - build 2536"
"From Tim Sobolev: search in mask groups menu.","From Tim Sobolev: поиск в меню групп масок.","drkns 06.03.2012 15:07:46 +0200 - build 2528"
"Restoring the command line after CtrlG.","Восстанавливаем комстроку после CtrlG.","drkns 09.02.2012 16:45:52 +0200 - build 2447"
"On Mantis#01914:","По мотивам Mantis#01914:","drkns 26.01.2012 19:11:04 +0200 - build 2415"
"On Mantis#01914:","По мотивам Mantis#01914:","drkns 26.01.2012 16:11:41 +0200 - build 2414"
"Making EMenu callable from disk menu.","Научим EMenu вызываться из меню дисков.","drkns 26.01.2012 09:46:46 +0200 - build 2413"
"Folder shortcuts can be named.","Для folder shortcuts можно задавать названия.","drkns 15.01.2012 19:42:10 +0200 - build 2391"
"Alternative solution of 2335.1.","Альтернативное решение 2335.1.","drkns 30.12.2011 00:54:46 +0200 - build 2342"
"You've got the idea.","Ну вы поняли.","drkns 29.12.2011 19:43:12 +0200 - build 2341"
"Stripping trailing space characters in sources.","Порежем концевые пробелы в исходниках.","drkns 26.12.2011 23:56:59 +0200 - build 2335"
"""Inactivity time"" option no longer exists.","Опции ""Inactivity time"" больше нет.","drkns 14.10.2011 18:30:56 +0200 - build 2222"
"Keyboard engine being rewritten. The beginning.","Переделка клавиатурного движка. Начало.","svs 25.08.2011 16:01:01 +0300 - build 2171"
"Mantis#0001862: Static analysis of the code.","Mantis#0001862: Статический анализ кода.","drkns 25.08.2011 11:36:00 +0200 - build 2169"
"Mantis#0001833: File search is not thread safe.","Mantis#0001833: Поиск файлов - не ThreadSafe.","drkns 25.08.2011 10:05:45 +0200 - build 2167"
"Smart ARRAYSIZE() for gcc.","Интеллектуальный std::size() для gcc.","drkns 17.08.2011 15:43:18 +0200 - build 2153"
"Wrapper can be switched off at compile time.","Враппер можно отключать на этапе компиляции.","drkns 28.07.2011 19:46:22 +0200 - build 2117"
"Inner changes in color processing.","Внутреннние изменения в обработке цвета.","drkns 12.07.2011 11:07:16 +0200 - build 2111"
"Another gcc headers inadequacy.","Очередная неполноценность заголовков gcc.","drkns 28.06.2011 11:21:36 +0200 - build 2081"
"Mantis#0001800: CPU idle load.","Mantis#0001800: Загрузка процессора в простое","drkns 18.06.2011 20:39:57 +0200 - build 2069"
"Inner changes in color processing.","Внутреннние изменения в обработке цвета.","drkns 17.06.2011 08:17:00 +0200 - build 2068"
"Settings storage API:","API для хранения настроек:","zg 16.02.2011 02:23:03 +0200 - build 1871"
"all API flags are 64 bit wide.","все флаги в апи 64 битные.","zg 13.02.2011 21:25:20 +0200 - build 1867"
"the type of KeyBarLabel.Key is FarKey.","тип KeyBarLabel.Key - FarKey.","zg 12.02.2011 20:10:48 +0200 - build 1862"
"INPUT_RECORD appears in ProcessKeyW.","в ProcessKeyW приходит INPUT_RECORD.","zg 03.02.2011 15:12:44 +0200 - build 1814"
"FSF is appended with FarKeyToInputRecord.","в FSF добавлена FarKeyToInputRecord.","zg 03.02.2011 15:12:44 +0200 - build 1814"
"At the following .BAT file launch:","При запуске bat-файла вида:","drkns 23.10.2010 00:21:14 +0200 - build 1698"
"Another flaw in gcc headers.","Очередная неполноценность gcc-хидеров.","drkns 21.09.2010 20:38:32 +0200"
"Mantis#0001446: Date() returns 0","Mantis#0001446: функция Date() возвращает 0","svs 27.07.2010 14:18:55 +0300 - build 1628"
"Mantis#0001412: F1 when viewing *.hlf","Mantis#0001412: F1 при просмотре *.hlf","svs 12.07.2010 10:44:28 +0300 - build 1614"
"Faster File::Eof() implementation.","Более быстрая реализация File::Eof()","drkns 16.06.2010 11:21:12 +0200 - build 1592"
"Changes in DIZ files writing.","Изменения в записи diz-файлов.","drkns 27.04.2010 15:47:00 +0200 - build 1524"
"Some trifles in privileges elevation system.","Разные мелочи в системе повышения полномочий.","drkns 25.04.2010 19:55:48 +0200 - build 1519"
"Milliseconds are available in filters.","В фильтрах доступны миллисекунды.","drkns 19.04.2010 16:39:34 +0200 - build 1512"
"Numeric sorting function is rewritten.","Переписана функция числовой сортировки.","chupakabra 23.03.2010 00:51:00 +0200 - build 1453"
"Mass introduction of initialization lists.","Массовое внедрение списков инициализации.","drkns 20.03.2010 00:42:00 +0200 - build 1443"
"Potential UB in attributes dialog.","Потенциальное UB в диалоге атрибутов.","drkns 01.03.2010 21:10:08 +0200 - build 1430"
"gcc didn't compile.","не собиралось gcc.","zg 21.02.2010 13:10:12 +0200 - build 1415"
"gcc didn't compile.","не собиралось gcc.","zg 14.02.2010 00:12:02 +0200 - build 1398"
"Getting rid of *printf.","Продолжаем давить *printf.","drkns 02.02.2010 20:36:50 +0200 - build 1369"
"Mantis#1255: “far /v -” does not respond.","Mantis#1255: Фар виснет при запуске far /v -","t-rex 27.01.2010 21:59:14 +0200 - build 1357"
"ACTL_QUIT - terminates Far.","ACTL_QUIT - завершает работу Far.","chupakabra 20.01.2010 08:05:00 +0200 - build 1348"
"Lost files in 1320.","забытые файлы в 1320.","zg 08.01.2010 13:46:03 +0200 - build 1321"
"TI#48 had no influence on NumDel.","TI#48 не влияло на NumDel.","drkns 13.12.2009 22:22:11 +0200 - build 1283"
"Security in EXE headers checking.","Секьюрность в проверке заголовков экзэшников.","t-rex 04.12.2009 10:53:20 +0200 - build 1263"
"Possible AV in ""echo."" processing.","Потенциальный AV при обработке ""echo."".","t-rex 04.12.2009 10:53:20 +0200 - build 1263"
"Some style editing.","Немного различной косметики в коде.","t-rex 01.12.2009 20:37:20 +0200 - build 1257"
"Various changes.","Различные мелочи по дороге.","t-rex 29.11.2009 20:33:41 +0200 - build 1248"
"pdb in release.","pdb в релизе.","t-rex 28.11.2009 20:39:31 +0200 - build 1246"
"some text formatting :-)","немного форматирования текста :-)","svs 21.11.2009 11:52:06 +0300 - build 1225"
"Ineffective code in VMenu.","Неэффективный код в VMenu.","chupakabra 08.11.2009 09:09:00 +0200 - build 1204"
"VMenu::Show() didn't consider submenus.","VMenu::Show() не учитывал наличие субменю.","chupakabra 08.11.2009 08:08:00 +0200 - build 1203"
"The simplest ESPT_CODEPAGE implementation.","простейшая имплементация ESPT_CODEPAGE.","zg 24.09.2009 21:02:09 +0200 - build 1136"
"Info panel missed a space after FS type.","В Info-панели после типа FS не стоял пробел.","svs 24.08.2009 19:15:12 +0300 - build 1088"
"""Memory"" label overlayed panel border.","Метка ""Память"" наезжает на рамку панели.","svs 24.08.2009 19:15:12 +0300 - build 1088"
"Wild mix of spaces and tabs in panel.cpp.","Мешанина пробелов и табов в panel.cpp.","t-rex 25.03.2008 21:25:42 +0200 - build 460"
"Mantis#87: Copying and hard links.","Mantis#87: Копирование и жёсткие связи.","t-rex 15.03.2008 17:47:09 +0200 - build 448"
"Some tab-formatting.","Заодно ещё немного форматирования табами.","t-rex 10.03.2008 21:47:59 +0200 - build 428"
"Hotkey conflicts in the filter dialog (eng).","Конфликты хоткеев в диалоге фильтров (анг).","t-rex 09.03.2008 12:23:43 +0200"
"Search in editor is back.","Вернул поиск в редакторе.","t-rex 24.11.2007 17:30:03 +0200 - build 356"
"Infinite cycle in FarMkTempEx().","Вход в бесконечный цикл в FarMkTempEx().","t-rex 27.10.2007 17:05:41 +0200 - build 305"

---- add ----
"Function FreeScreen added to the plugins API.","В API плагинов добавлена функция FreeScreen.","shmuel 07.02.2020 21:48:51 +0200 - build 5553"
"Added errno capturing to exception handling.","Отображение errno при обработке исключений.","drkns 26.05.2019 20:25:11 +0100 - build 5402"
"A script is added for validation of #1.","Добавлен скрипт для валидации п. 1.","drkns 22.08.2016 11:43:23 +0200"
"Also, Ok and Cancel buttons have been added.","Туда же добавлены кнопки Ok и Cancel.","drkns 10.04.2014 22:20:10 +0200 - build 3859"
"Dialog API. Addition:","Dialog API. Добавка:","svs 21.03.2014 13:59:21 +0400 - build 3838"
"Dialog API. Addition:","Dialog API. Добавка:","svs 21.03.2014 13:59:21 +0400 - build 3838"
"Reserved is added to a couple of structures.","добавлены Reserved в паре структур.","zg 23.09.2012 03:09:28 +0200 - build 2829"
"F4 and CtrlH processing is added to far:config.","В far:config добавлена обработка F4 и CtrlH.","drkns 01.06.2012 14:15:50 +0200 - build 2717"
"Adding some StructSize checks here and there.","Добавим кое-где в api проверок StructSize.","drkns 13.01.2012 14:24:42 +0200 - build 2373"
"""StructSize"" field is added to PanelMode.","в PanelMode добавилось поле StructSize.","zg 12.02.2011 23:57:50 +0200 - build 1863"
"Mantis#0000088: Add ""File owner"" field.","Mantis#0000088: Добавить поле ""Владелец файла"".","drkns 27.02.2010 23:30:38 +0200 - build 1425"
"Added /Oy- in release to “help” fexcept.","Добавим /Oy- для релиза, чтоб ""помочь"" fexcept.","t-rex 28.11.2009 21:57:13 +0200"
"Added command line settings dialog.","Добавлен диалог настроек комстроки.","drkns 22.11.2009 00:37:00 +0200 - build 1230"

---- again ----
"Functional under win2k again.","Снова работаем в win2k.","drkns 29.06.2011 11:12:33 +0200 - build 2087"

---- arrang ----
"Inner rearrangement.","Внутренние перетасовки и упорядочивания.","drkns 22.02.2012 16:58:37 +0200 - build 2481"

---- break ----
"syslog.cpp breakdown...","Отвалился syslog.cpp...","svs 30.11.2009 12:10:30 +0300 - build 1252"
"An accidental FarMenu.ini breakdown in 1248.","Поломал случайно загрузку FarMenu.ini в 1248.","t-rex 30.11.2009 09:23:05 +0200 - build 1251"

---- broken ----
"Viewer search in UTF8 files was broken.","Не работал поиск в UTF8-файлах во вьювере.","drkns 23.08.2016 11:20:47 +0200 - build 4765"
"Restore broken GCC build.","Восстановим поломанный GCC билд.","drkns 27.06.2014 19:53:08 +0200 - build 3966"
"Files highlighting was broken in 3733.","В 3733 погнулась раскраска файлов.","drkns 09.12.2013 20:56:45 +0200 - build 3737"
"In 3322, asynchronous DB processing was broken.","В 3322 погнулась асинхронная работа с БД.","drkns 18.04.2013 23:11:39 +0200 - build 3355"
"In 2432, empty files copying was broken.","В 2432 погнулось копирование пустых файлов.","drkns 09.02.2012 16:45:52 +0200 - build 2447"

---- bug ----
"5353 broke GCC build due to a bug in fmt.","5353 сломал GCC билд из-за бага в fmt.","drkns 18.01.2019 00:27:00 +0000 - build 5355"
"Another odd bug after 5211.","Еще один нечётный баг после 5211.","drkns 19.05.2018 15:06:40 +0100 - build 5218"
"Debug symbols would not always be loaded.","Не всегда загружались отладочные символы.","drkns 21.03.2017 01:31:42 +0000 - build 4920"
"0003401: Weird bug with clock in editor.","0003401: Странный баг с часами в редакторе.","zg 06.03.2017 14:02:30 +0200 - build 4906"
"SmallerTypeCheck is switched on in debug build.","В отладочном билде включен SmallerTypeCheck.","drkns 13.07.2014 14:24:22 +0200 - build 3998"
"Bug with cursor position in filter.","Глючок с позицией курсора в фильтре.","t-rex 21.11.2009 19:10:19 +0200 - build 1229"
"Yet another ancient bug in descriptions.","Ещё один древний баг в описаниях.","t-rex 20.11.2009 12:42:59 +0200 - build 1217"

---- build ----
"gcc build, a better way does exist.","gcc build, способ есть.","drkns 31.05.2012 08:18:28 +0200 - build 2713"
"gcc build (a better way may exist ?)","gcc build (возможно есть способ лучше ?)","w17 31.05.2012 01:08:59 +0400 - build 2712"
"Rudiments of ARM build.","Зачатки ARM-сборки.","drkns 02.03.2012 13:58:31 +0200 - build 2515"

---- clean ----

---- complet ----
"Autocompletion would not work in some cases.","В некоторых случаях не работало автодополнение.","drkns 23.07.2017 10:31:34 +0000 - build 4993"
"Completion malfunction in modal mode.","Криво работало дополнение в модальном режиме.","drkns 02.05.2013 12:18:40 +0200 - build 3381"
"Completion with CtrlSpace did not work.","Не работал вызов дополнения по CtrlSpace.","drkns 02.06.2012 14:54:41 +0200 - build 2720"
"""&"" symbol is not displayed in completion.","в списке дополнений не отображается символ ""&"".","zg 19.01.2010 22:58:11 +0200 - build 1346"
"Changes in completion.","Устаканивание дополнения.","drkns 10.01.2010 23:39:29 +0200 - build 1329"
"Some more autocompletion.","Ещё всякое по автодополнению.","drkns 07.01.2010 00:57:40 +0200 - build 1313"
"Other autocompletion stuff.","Ещё всякое по автодополнению.","drkns 03.01.2010 21:37:53 +0200 - build 1308"
"Autocompletion in dialogs is back.","Вернул автокомплит в диалогах.","t-rex 21.11.2009 01:59:20 +0200 - build 1224"

---- continu ----
"Continuation of 5481 - odd bugs.","Продолжение 5481 - полезли нечётные баги.","drkns 06.10.2019 10:09:55 +0100 - build 5483"
"Continuation of 5211 - odd bugs.","Продолжение 5211 - полезли нечётные баги.","drkns 17.05.2018 21:55:24 +0100 - build 5215"
"Continue headers validation.","Продолжение валидации шапок.","drkns 25.08.2016 00:57:25 +0200"
"Continuing to remove FormatString.","Продолжаем истреблять FormatString.","drkns 07.08.2013 23:21:18 +0200 - build 3598"
"Continuing global variables elimination.","Продолжаем давить глобальные переменные.","drkns 19.11.2012 23:04:39 +0200 - build 2957"
"Continuing 1982.1.","По следам 1982.1.","drkns 22.04.2011 08:37:22 +0200 - build 1986"
"Continue ruining VMenu.","Продолжаем ломать VMenu.","t-rex 05.12.2009 10:53:56 +0200 - build 1268"

---- correct ----
"Another executor correction.","Ещё одно уточнение в запускателе.","drkns 05.01.2021 20:10:45 +0000 - build 5723"
"Another executor correction.","Ещё одно уточнение в запускателе.","drkns 18.12.2020 12:17:39 +0000 - build 5718"
"Another executor correction.","Ещё одно уточнение в запускателе.","drkns 14.12.2020 22:31:28 +0000 - build 5717"
"Another executor correction.","Ещё одно уточнение в запускателе.","yjh 01.12.2020 21:15:24 +0300 - build 5710"
"A few executor corrections.","Пара уточнений в запускателе.","drkns 22.11.2020 17:59:19 +0000 - build 5708"
"Executor logic correction.","Уточнение работы запускателя.","drkns 15.11.2020 10:16:18 +0000 - build 5703"
"Executor logic correction.","Уточнение работы запускателя.","drkns 03.11.2020 15:55:05 +0000 - build 5697"
"Minor correction of launcher logic.","Мелкое уточнение логики запускателя.","drkns 21.07.2020 19:49:10 +0100 - build 5644"
"Incorrect flags processing in DialogBuilder.","Некорректная обработка флагов в DialogBuilder.","drkns 17.06.2020 01:01:01 +0100 - build 5620"
"Incorrect symlink creation.","Некорректно создавались символические ссылки.","drkns 25.05.2020 16:27:26 +0100 - build 5608"
"Correction of menu separators rendering.","Уточнение отображения разделителей в меню.","drkns 16.09.2019 22:31:11 +0100 - build 5474"
"Correct the UTF-8 recognition algorithm.","Уточнен алгоритм распознавания UTF-8.","drkns 03.06.2018 10:21:52 +0100 - build 5225"
"Correction of 5108.1 - bugs as expected.","Уточнение 5108.1 - как и обещано, баги были.","drkns 20.12.2017 07:56:47 +0000 - build 5111"
"Correction of 5076.2 - synchronize caching.","Уточнение 5076.2 - синхронизация кеширования.","drkns 26.10.2017 23:03:02 +0100 - build 5077"
"Correction of search in alternate streams.","Уточнение поиска в альтернативных потоках.","drkns 30.09.2017 23:23:55 +0100 - build 5054"
"Correction of 4997 - broken replace.","Уточнение 4997 - погнулась замена.","drkns 04.08.2017 00:27:23 +0000 - build 4998"
"correction of 4945: 'if exist' would not work.","уточнение 4945: не работала команда if exist.","zg 02.05.2017 16:38:35 +0200 - build 4949"
"Incorrect displaying of hex viewer.","Некорректно отображался hex-просмотр.","drkns 23.11.2016 02:44:51 +0200 - build 4850"
"correction of 4803 for nested dialogs.","уточнение 4803 для вложенных диалогов.","zg 06.10.2016 19:59:25 +0200 - build 4808"
"correction of 4803 for the grabber.","уточнение 4803 для граббера.","zg 05.10.2016 20:37:13 +0200 - build 4807"
"Correction of DIF_EDITOR processing in dialogs.","Уточнение обработки DIF_EDITOR в диалогах.","drkns 11.09.2016 04:28:53 +0200 - build 4786"
"Correction of displaying of clock at start.","Уточнение отрисовки часов при старте.","drkns 04.09.2016 23:49:35 +0200 - build 4778"
"Another correction of launcher.","Ещё одно уточнение работы запускателя.","drkns 11.06.2016 22:55:07 +0200 - build 4702"
"Another correction for launcher.","Ещё одно уточнение работы запускателя.","drkns 16.05.2016 22:55:36 +0200 - build 4675"
"More correct solution for 4388.","Более корректное решение для 4388.","drkns 06.06.2015 23:50:38 +0200 - build 4390"
"correction of 4345: xlat malfunction in editor.","уточнение 4345: не работал xlat в редакторе.","zg 23.04.2015 02:01:09 +0200 - build 4354"
"correction of 4248 for non-editable controls.","уточнение 4248 для нередактируемых контролов.","zg 20.01.2015 23:11:38 +0200 - build 4250"
"correction for altf9 in quick search.","исправление altf9 в быстром поиске.","zg 16.01.2015 00:46:37 +0200 - build 4240"
"correction of 4100: double DialogRun call.","уточнение 4100: повторный вызов DialogRun.","zg 14.09.2014 01:46:47 +0200 - build 4102"
"correction of z-order for modal windows.","уточнение z-order для модальных окон.","zg 04.09.2014 12:52:38 +0200 - build 4084"
"correction of 4025 for the editor.","уточнение 4025 для редактора.","zg 25.07.2014 13:55:39 +0200 - build 4026"
"correction of 3981 for the horizontal menu.","уточнение 3981 для горизонтального меню.","zg 11.07.2014 19:21:21 +0200 - build 3994"
"correction of 3981: /v key did not work.","уточнение 3981: не работал ключ /v.","zg 10.07.2014 03:05:00 +0200 - build 3988"
"Correction of unicode text detection.","Уточнение детектирования юникодного текста.","drkns 15.05.2014 01:45:08 +0200 - build 3903"
"Incorrect change of UI language.","Некорректно переключался язык интерфейса.","drkns 16.02.2014 19:18:25 +0200 - build 3810"
"Corrections in 'title' command help topic","Уточнения в хелпе про команду title","svs 11.11.2013 11:16:52 +0400"
"Another correction on CtrlZ in the editor.","Ещё одно уточнение на тему CtrlZ в редакторе.","drkns 04.10.2013 22:29:28 +0200 - build 3691"
"Correction of 3261, DialogBuilder update","Уточнение 3261, допилим DialogBuilder","w17 29.08.2013 16:08:18 +0400 - build 3626"
"Correction of panel caption drawing.","Уточнение отрисовки заголовка панели.","drkns 09.08.2013 22:32:07 +0200 - build 3605"
"Correction of minimal GCC version (4.7.1).","Уточнение минимальной версии GCC (4.7.1).","drkns 04.07.2013 23:03:09 +0200 - build 3502"
"Correction of 3434 (VC build failure).","Уточнение 3434 (не собирался под VC).","shmuel 30.05.2013 11:29:22 +0200 - build 3435"
"Correction of settings loading.","Уточнение чтения конфигурации.","drkns 20.05.2013 17:31:22 +0200 - build 3417"
"Correction of console caption redrawing.","Уточнение перерисовки заголовка консоли.","drkns 12.04.2013 12:49:34 +0200 - build 3325"
"lng could be read incorrectly in some cases.","В некоторых случаях могли криво читаться lng.","drkns 07.04.2013 20:11:40 +0200 - build 3306"
"Another correction for drawing in far /w","Ещё одно уточнение отрисовки для far /w","drkns 25.03.2013 21:54:56 +0200 - build 3277"
"Correction for drawing in far /w.","Уточнение отрисовки для far /w.","drkns 25.03.2013 15:55:42 +0200 - build 3276"
"Correction of 3185 for ancient OS's.","Уточнение 3185 для пещерных ос.","drkns 13.02.2013 12:41:34 +0200 - build 3188"
"Correction of 3185 for flawed sdk's.","Уточнение 3185 для ущербных sdk.","drkns 13.02.2013 12:41:34 +0200 - build 3188"
"Correction of tree file saving.","Уточнение сохранения файла дерева.","drkns 26.01.2013 21:15:16 +0200 - build 3121"
"Memory deallocation correction in wrapper.","Коррекция осовобождения памяти во враппере.","drkns 20.12.2012 23:11:35 +0200 - build 3037"
"Correction of alignment for debug builds.","Уточнение выравнивания для отладочных билдов.","drkns 18.11.2012 09:55:22 +0200 - build 2952"
"Incorrect calculation of menu position.","Неправильно рассчитывались координаты меню.","lort 09.11.2012 23:06:48 +0400 - build 2941"
"Correction of 2854 for more common case.","Уточнение 2854 для более общего случая.","shmuel 01.10.2012 03:25:00 +0200 - build 2855"
"Correction of 2844 for fields with input mask.","Уточнение 2844 для полей с маской ввода.","drkns 29.09.2012 15:20:18 +0200 - build 2850"
"Correction in the launcher.","Уточнение запускателя.","drkns 20.07.2012 13:32:50 +0200 - build 2771"
"Correction of privileges check.","Уточнение проверки привилегий.","drkns 01.06.2012 14:56:00 +0200 - build 2718"
"correction of 2511 - getting rid of AI","уточнение 2511 - избавляемся от интеллекта","w17 01.03.2012 22:14:13 +0400 - build 2512"
"Correction of white space displaying.","Уточнение отображения white space.","drkns 13.02.2012 19:45:37 +0200 - build 2455"
"Minor corrections of history.","Мелкие исправления в истории.","t-rex 07.01.2012 13:43:07 +0200 - build 2351"
"correction of 2240.2 for capital letters.","уточнение 2240.2 для случая заглавных букв.","zg 22.10.2011 03:52:53 +0200 - build 2241"
"Correction of 2185.2 - manual synchronization.","Уточнение 2185.2 - синхронизация вручную.","drkns 01.09.2011 15:07:03 +0200"
"Correction of file highlighting load/save.","Уточнение загрузки/сохранения раскраски файлов.","drkns 06.08.2011 15:58:22 +0200 - build 2136"
"Correction for default highlighting of files.","Уточнение раскраски файлов по умолчанию.","drkns 31.07.2011 16:34:12 +0200 - build 2120"
"More correct solution for M#1783.","Более корректное решение M#1783.","drkns 26.05.2011 08:52:56 +0200 - build 2051"
"Unicode files viewer worked incorrectly.","Неправильно работал просмотр юникодных файлов.","drkns 17.04.2011 20:42:03 +0200 - build 1965"
"Correction of completion algorithm.","Уточнение алгоритма дополнения.","drkns 05.04.2011 11:54:24 +0200 - build 1943"
"Correction of the type of a variable","Коррекция типа переменной","zeroes 18.03.2011 16:22:17 +0200 - build 1914"
"Some correction on launcher functionality.","Уточнения работы запускателя.","drkns 24.02.2011 20:34:19 +0200 - build 1892"
"Another pair of corrections in launcher.","Ещё пара уточнений в запускателе.","drkns 12.01.2011 13:14:15 +0200 - build 1784"
"More correct 2-digit years interpretation.","Более корректная интерпретация 2-значных годов.","drkns 09.01.2011 12:50:26 +0200 - build 1779"
"Correction of text in links creation dialog","Уточнение надписей в диалоге создания ссылок","drkns 10.11.2010 20:50:52 +0200 - build 1715"
"Correction of environment refreshing.","Уточнение обновления окружения.","drkns 19.05.2010 12:50:22 +0200 - build 1558"
"Correction of BOM append logic when saving.","Уточнение логики добавления BOM при сохранении.","drkns 11.02.2010 14:06:15 +0200 - build 1396"
"Corrections of dialog elements coloring.","Уточнения раскраски диалоговых элементов.","drkns 09.02.2010 15:04:21 +0200 - build 1382"
"Correction of mouse processing in dialogs.","Уточнение обработки мыши в диалогах.","drkns 09.02.2010 10:51:57 +0200 - build 1380"
"And TreeCmp again, more correct variant.","И снова TreeCmp, более правильный вариант.","drkns 13.01.2010 19:22:50 +0200 - build 1336"
"Corrections of new append mode.","Уточнения нового режима дополнения.","drkns 29.12.2009 00:44:26 +0200 - build 1302"
"Incorrect mark symbol in menu.","Неправильный символ пометки в меню.","drkns 06.12.2009 11:14:26 +0200 - build 1274"
"Incorrect encodings sorting in Favorites.","Некоректная сортировка кодировок в Favorites.","t-rex 05.12.2009 14:27:07 +0200 - build 1270"
"clipboard service code correction.","Коррекция кода по работе с clipboard.","t-rex 29.11.2009 21:45:45 +0200 - build 1249"
"Corrections in reparse points creation.","Уточнения создания reparse point'ов.","drkns 22.08.2009 00:44:39 +0200 - build 1087"
"DM_LISTGETITEM wasn't working correctly","Криво работал DM_LISTGETITEM.","drkns 27.11.2007 21:20:14 +0200 - build 362"

---- couple ----
"A couple of issues.","Пара мелочей там же.","drkns 11.09.2014 00:07:10 +0200 - build 4097"
"A couple of trifles on paths initialization.","Пара мелочей на тему инициализации путей.","drkns 28.04.2011 14:16:24 +0200 - build 2011"
"A couple makeup trivia in code.","Пару косметических мелочей в коде.","t-rex 11.02.2011 01:56:20 +0200 - build 1856"
"A couple of bugs at attributes setup.","Пара багов в установке атрибутов.","drkns 06.07.2010 13:55:22 +0200 - build 1609"
"Another couple of trifles of the same subject.","Ещё пара мелочей на ту же тему.","drkns 29.05.2010 12:14:02 +0200 - build 1575"
"A couple of autocompletion details.","Пара мелочей по автодополнению.","drkns 22.01.2010 00:40:31 +0200 - build 1350"
"Removed a couple of duplicate functions.","Удалил пару функций дупликатов.","t-rex 02.12.2009 22:03:01 +0200 - build 1260"
"A couple of fixes (API, opening help in Far).","Пару глюков в открытие хэлпа в фаре и в АПЙ.","t-rex 12.11.2007 22:58:42 +0200 - build 338"

---- crash ----
"Crash when importing malformed xml.","Падение при импорте кривых xml.","drkns 16.08.2019 23:06:24 +0100 - build 5451"
"Forum - crash on empty history.","С форума - падение на пустой истории.","drkns 29.09.2017 23:31:12 +0100 - build 5049"
"4777 could crash on certain windows close.","4777 мог падать при закрытии некоторых окон.","drkns 04.09.2016 23:49:35 +0200 - build 4778"
"Crash on disk menu call.","Падение при вызове меню дисков.","shmuel 27.07.2013 07:27:14 +0200 - build 3567"
"-a few 'funny' crashes","-несколько 'весёлых' падений","w17 27.07.2013 01:23:56 +0400 - build 3566"
"0002078: FAR crash with an incorrect lng file","0002078: Фар валится при некорректном lng-файле","drkns 17.04.2012 10:11:45 +0200 - build 2620"
"Crash at processing a filter in the history.","Падение при работе с фильтром в истории.","drkns 14.05.2011 18:06:52 +0200 - build 2030"
"Forum: FAR crashes at exit with F10.","С форума: выхожу по F10 - Фар падает.","t-rex 24.04.2011 04:06:00 +0200 - build 1993"
"Crash at file read in be-unicode.","Падение при чтении файлов в be-unicode.","drkns 17.04.2011 20:42:03 +0200 - build 1965"
"Crash if language files are not found.","Падение при отсутствии языковых файлов.","drkns 18.02.2010 23:03:00 +0200 - build 1410"
"Crash in ""File owners"" panel mode.","Падение в режиме панели ""File owners"".","drkns 13.11.2007 22:45:17 +0200 - build 341"
"FAR crashes in the following cases:","Падает FAR в следующих ситуациях:","svs 12.11.2007 14:51:46 +0300 - build 335"

---- default ----
"All buttons in Message() were ""default"".","В Message() все кнопки были ""по умолчанию"".","drkns 07.03.2011 14:43:32 +0200 - build 1900"
"The color of default button can be set up.","Для default button можно задавать цвет.","drkns 30.04.2010 01:01:01 +0200 - build 1530"
"CD-ROM type display is on by default.","Включим показ типа CD-ROM по дефолту.","yole 23.01.2010 14:15:00 +0300 - build 1353"

---- delet ----
"Temporary files could be deleted prematurely.","Временные файлы могли удаляться раньше времени.","drkns 03.07.2016 21:15:27 +0200 - build 4736"
"Long names in deletion dialog (from the forum)","Длинные имена в диалоге удаления (с форума)","w17 11.02.2014 13:59:15 +0400 - build 3801"
"M#2557: Confirmation of multiple files deletion","M#2557: Подверждение удаления нескольких файлов","w17 17.01.2014 14:12:54 +0400 - build 3776"
"Correction of strings in deletion dialog.","Уточнение надписей в диалоге удаления.","drkns 02.04.2013 17:01:23 +0200 - build 3294"
"Memory leak in vmenu on item deletion.","Утечка памяти в vmenu при удалении пункта.","drkns 22.12.2012 13:53:21 +0200 - build 3043"
"Deleted some junk.","Удалил каплю мусора.","t-rex 19.05.2010 18:53:42 +0200 - build 1560"
"Bringing back empty description files deletion.","Вернём удаление пустых файлов описаний.","drkns 29.04.2010 11:38:38 +0200 - build 1529"
"Corrections in common deletion indicator.","Исправления в общем индикаторе удаления.","drkns 25.11.2009 15:56:12 +0200 - build 1235"

---- error ----
"Forum: error setting file access rights.","С форума: Ошибка установки прав доступа к файлу","drkns 06.09.2019 20:22:44 +0100 - build 5468"
"Do not show stack on *.lng reading errors.","Не показываем стек при ошибках чтения *.lng.","drkns 26.04.2018 23:49:40 +0100 - build 5198"
"Restore XML import error message.","Восстановим сообщение об ошибке импорта XML.","drkns 14.02.2016 13:00:58 +0200 - build 4549"
"M#2934: Errors in HEX mode in search dialogs","M#2934: Ошибки c HEX режимом в диалогах поиска","w17 08.02.2015 16:36:15 +0300 - build 4266"
"Default highlighting initialization error.","Ошибка инициализации дефолтной раскраски.","drkns 20.06.2013 01:17:10 +0200 - build 3468"
"0002125: Errors with highlighting in editor","0002125: Ошибки с раскраской в редакторе","zg 09.06.2012 18:44:36 +0200 - build 2727"
"SetErrorMode was set later than necessary.","SetErrorMode ставился позже, чем надо.","drkns 04.05.2012 11:11:26 +0200 - build 2659"
"Now GuardLastError class also stores ntstatus.","Класс GuardLastError теперь хранит и ntstatus.","drkns 07.03.2012 15:06:24 +0200 - build 2533"
"Unicode .hlf file reading error","Ошибка чтения юникодного .hlf файла","w17 06.03.2012 14:50:05 +0400 - build 2527"
"Mantis#2000 - XML Error (0,0) -- half step back","Mantis#2000 - XML Error (0,0) -- полшага назад","w17 28.01.2012 23:07:20 +0400 - build 2426"
"Gosh, another error in 2384.","Охтыжблин, ещё ошибка в 2384.","t-rex 15.01.2012 13:53:19 +0200 - build 2387"
"Mantis#1966: Error in search displaying.","Mantis#1966: Ошибка отображения при поиске","w17 03.01.2012 22:13:00 +0400 - build 2349"

---- except ----
"Modules versions in exception information.","Версии модулей в информации об исключении.","drkns 30.12.2020 08:24:39 +0000 - build 5721"
"Ctrl+C works in Exception Dialog.","В диалоге иключения работает Ctrl+C.","drkns 27.12.2019 19:20:00 +0200 - build 5539"
"SQLite exceptions include the database name.","В исключениях SQLite указывается имя базы.","drkns 13.03.2019 22:27:54 +0000 - build 5375"
"Fixes for handling exceptions.","Всякое на тему обработки исключений.","drkns 05.01.2018 23:03:50 +0000 - build 5121"
"/x key and ExceptRules parameter is removed.","Ключа /x и параметра ExceptRules больше нет.","drkns 20.04.2013 17:32:12 +0200 - build 3358"

---- fix ----
"Fix obtaining strings with winapi functions.","Уточнения получения строк через winapi-функции.","drkns 20.07.2018 23:07:50 +0100 - build 5240"
"Fix broken sorting.","Поправим погнутую сортировку.","drkns 13.05.2017 20:07:39 +0000 - build 4958"
"Fix for 2643 -- text disappear in viewer.","Fix 2643 -- пропадание текста в просмотре.","w17 23.11.2016 08:18:32 +0300 - build 4851"
"Continue fixing the launcher.","Продолжим чинить запускатель.","drkns 30.04.2016 15:16:06 +0200 - build 4654"
"""Fix"" symlinks back so far.","""Починим"" пока симлинки как было.","drkns 24.05.2014 12:11:56 +0200 - build 3916"
"refix refix. yes, memset is kinda bad.","refix refix. memset - типа плохо, да.","drkns 14.07.2013 19:12:10 +0200 - build 3523"
"Fix for redraw in autocompletion.","Исправление перерисовки в автодополении.","lort 24.10.2012 19:07:51 +0400 - build 2900"
"wrong fix for a 'typo', rolling back","одна 'опечатка' поправлена зря - вернём","w17 26.09.2012 10:14:11 +0400 - build 2840"
"Horizontal VMenu scroll is fixed.","Исправление горизонтальной прокрутки VMenu.","chupakabra 04.12.2009 05:47:00 +0200 - build 1262"
"Wrong help topic for plugins menu is fixed.","Для меню плагинов открываля не тот топик хэлпа.","t-rex 03.11.2009 13:10:37 +0200 - build 1195"
"Small fix when drawing an opened combobox","Уточение в отрисовке открытого комбобокса.","drkns 12.02.2008 22:41:34 +0200 - build 418"
"One more ""owners-related"" fix","Ещё одна небольшая правка с овнерами.","drkns 15.11.2007 20:04:49 +0200 - build 346"

---- gone ----

---- guid ----
"Plugin search by GUID is sped up.","ускорен поиск плагинов по GUID.","zg 09.02.2011 00:36:50 +0200 - build 1841"
"a new parameter in DialogInit: dialog's GUID.","у DialogInit новый параметр - GUID диалога.","zg 07.02.2011 12:41:30 +0200 - build 1830"

---- help ----
"Some help on privilege elevation.","Немного хелпа - про повышение полномочий.","svs 09.07.2013 11:29:32 +0400"
"Menu filtering with RAlt is noted in help.","Про RAlt для фильтрации меню - в хелпе укажим.","svs 06.06.2013 16:03:29 +0400"
"help invoked with far /ro [/rw]","help по far /ro [/rw]","w17 05.06.2012 21:27:50 +0400 - build 2722"
"From Anton Sinitsin: help ""Ё-fication"".","From Anton Sinitsin: ""Ёфицирование"" хелпа.","drkns 09.05.2010 23:50:50 +0200"
"Mouse processing in help is changed a bit.","Несколько переделана обработка мыши в справке.","drkns 03.02.2010 21:23:01 +0200 - build 1371"

---- improv ----
"Color dialog improvements.","Улучшения диалога выбора цвета.","drkns 26.10.2018 18:59:10 +0100 - build 5295"

---- leak ----
"Minor improvements in the leak detector.","Мелкие улучшения детектора утечек памяти.","drkns 22.07.2019 23:46:59 +0100 - build 5431"
"A leak.","Утечка там же.","drkns 03.09.2016 18:19:14 +0200 - build 4775"
"Memory leaks when started with /v or /e keys.","Утечки памяти при запуске с ключом /v или /e.","drkns 21.12.2013 21:20:13 +0200 - build 3744"
"Unimportant memory leak.","Не очень важный мемори лик.","t-rex 18.04.2013 16:04:54 +0200 - build 3351"

---- little ----
"Overdone a little in PathCanHoldRegularFile().","Переборщил немного в PathCanHoldRegularFile().","t-rex 02.12.2009 22:03:01 +0200 - build 1260"
"Little mess-up with CutToSlash in 326.","Напутал с CutToSlash в 326.","t-rex 10.11.2007 19:11:17 +0200 - build 331"

---- macro ----
"simplify setting the current macro area.","упрощение установки текущей макрообласти.","zg 19.08.2014 22:40:41 +0200 - build 4059"
"Menu.Filter(4) call malfunction in macros","Не работал вызов Menu.Filter(4) в макросах","lort 20.06.2013 20:50:11 +0400 - build 3469"
"FarMacroCall structure is streamlined.","Упорядочена структура FarMacroCall.","shmuel 02.11.2012 17:59:31 +0200 - build 2922"
"Macro: keys limit is removed:","Macro: снято ограничение на клавиши:","svs 18.04.2012 18:06:58 +0400 - build 2626"
"Macro: correction of the ""engine"".","Macro: уточнение ""машины"".","svs 16.04.2012 19:20:40 +0400 - build 2619"
"Macro: correction of the ""engine"".","Macro: уточнение ""машины"".","svs 16.04.2012 10:54:54 +0400 - build 2616"
"Only first macro in xml was imported.","Импортировался только первый макрос из xml.","t-rex 13.01.2012 20:17:07 +0200 - build 2377"
"MacroSendMacroText.AKey type is now FarKey.","тип MacroSendMacroText.AKey теперь FarKey.","zg 10.07.2011 15:43:54 +0200 - build 2106"
"ActlKeyMacro: StructSize is added.","В ActlKeyMacro добавлен StructSize","svs 09.02.2011 18:51:58 +0300 - build 1844"
"Macro: Correction of return code for callplugin","Macro: Уточнение кода возврата для callplugin","svs 25.01.2011 18:35:03 +0300 - build 1801"
"Forum: ""Problem when writing a macro"".","С форума: ""Проблема при записи макроса"".","drkns 15.11.2010 13:47:00 +0200 - build 1721"
"Macro: some test additions in ""machine"".","Macro: немного тестовых добавок в ""машину"".","svs 03.03.2010 17:33:17 +0300 - build 1432"
"Once more about macros and completion.","Ещё раз о макросах и дополнении.","drkns 29.01.2010 21:01:29 +0200 - build 1361"
"macro: itoa() failed on 64-bit numbers.","macro: itoa() не работал с 64-битными числами.","drkns 12.09.2009 19:04:40 +0200 - build 1118"
"Macros depended on a keyboard layout","Макросы зависили от раскладки клавиатуры","svs 17.03.2008 20:23:22 +0300 - build 452"
"Small bug in the macro definition dialog","Мелкий баг в диалоге задания макрокоманды.","drkns 09.03.2008 12:28:26 +0200 - build 425"

---- makeup ----
"Some makeup.","Косметические изменения в коде.","drkns 11.06.2010 13:47:00 +0200 - build 1584"
"Some makeup by the way.","Немного косметики по дороге.","t-rex 02.12.2009 22:03:01 +0200 - build 1260"

---- malfunction ----
"0002980: Malfunction of ""Code pages"" menu.","0002980: Неисправности в меню ""Code pages"".","drkns 03.04.2015 20:55:27 +0200 - build 4335"
"Mouse malfunction in mask groups menu.","Не работала мышь в меню групп масок.","drkns 17.12.2012 21:17:21 +0200 - build 3030"
"0002203: Import malfunction","0002203: Не работал импорт","drkns 20.11.2012 21:44:24 +0200 - build 2963"
"In 1443, QView was malfunctional.","В 1443 отвалился QView.","drkns 20.03.2010 09:26:41 +0200 - build 1446"

---- minor ----
"Minor changes in vcxproj and build scripts.","Мелкие уточнения vcxproj и сборочных скриптов.","drkns 06.05.2019 22:44:11 +0100 - build 5395"
"debug compilation minor issues","мелочи дебажной компиляции","svs 01.09.2011 17:34:54 +0300 - build 2186"
"A minor change, just in case.","Одна мелочь, на всякий пожарный.","t-rex 27.11.2009 21:52:52 +0200 - build 1239"

---- misc ----
"Miscellaneous trivia on privileges elevation.","Всякие мелочи на тему повышения привилегий.","drkns 12.04.2010 16:46:32 +0200 - build 1498"

---- more ----
"More about unicode & debugging.","Ещё на тему юникода и отладки.","drkns 22.03.2020 13:47:01 +0200 - build 5573"
"More logical wrapping in DIF_WORDWRAP.","Более логичная свёртка в DIF_WORDWRAP.","drkns 06.12.2019 18:23:09 +0000 - build 5519"
"Once more for the owners.","Ещё раз о владельцах.","drkns 09.08.2017 00:11:01 +0000 - build 5003"
"More paranoid options for GCC.","Более параноидальные опции для GCC.","drkns 15.08.2016 09:23:14 +0200 - build 4758"
"One more homemade linked list down.","Минус ещё один самодельный список.","drkns 21.07.2014 21:28:10 +0200 - build 4014"
"More on search for all occurrences.","Ещё на тему поиска всех вхождений.","drkns 28.07.2013 16:34:30 +0200 - build 3578"
"More launcher related stuff.","Ещё немного на тему запускателя.","drkns 18.02.2013 22:10:06 +0200 - build 3207"
"more of 2766 - not all checks were switched off","ещё 2766 - не все проверки были отключены","w17 25.07.2012 15:52:30 +0400 - build 2778"
"2252 one more time - the return of -O3","Ещё раз 2252 - возвращение -O3","w17 07.11.2011 03:58:15 +0400 - build 2261"
"DN_CLOSE is not equal to DM_CLOSE anymore.","DN_CLOSE больше не равен DM_CLOSE.","zg 13.02.2011 15:29:55 +0200 - build 1866"
"DM_KEY is no more equal to DN_KEY.","DM_KEY больше не равна DN_KEY.","zg 11.02.2011 17:01:22 +0200 - build 1859"
"More on launcher and redraw.","Ещё порция про запускатель и перерисовки.","drkns 28.05.2010 23:47:51 +0200 - build 1574"
"Some more garbage is thrown away from copier.","Выкинуто ещё немного мусора из копира.","drkns 18.02.2010 23:03:00 +0200 - build 1410"
"More ""optimized"" functioning of Opt.ClearType.","Более ""оптимизированная"" работа Opt.ClearType.","t-rex 22.11.2009 22:37:12 +0200 - build 1233"
"Let's torture UnicodeString a little bit more.","Помучаем UnicodeString ещё немного.","t-rex 04.11.2009 00:46:54 +0200 - build 1197"
"Dialog class is made more lightweight.","Немного облегчён класс диалога.","drkns 12.09.2009 19:04:40 +0200 - build 1118"

---- move ----
"Move Grabber help to a separate topic.","Справка по грабберу вынесена в отдельный топик.","drkns 05.08.2019 23:24:36 +0100 - build 5444"
"M#3695: Excessive movements during search","M#3695: лишние перемещения при поиске","w17 12.02.2019 18:22:53 +0300 - build 5364"
"Status line format string moved to lng.","Формат статусной строки вынесен в lng.","drkns 26.10.2015 09:25:44 +0200 - build 4446"

---- now ----
"5524 - attempt #2, now with tests.","5524 - попытка №2, теперь с тестами.","drkns 14.12.2019 23:03:49 +0000 - build 5527"
"'@' in launcher now turns off the echo.","'@' в запускателе теперь подавляет эхо.","drkns 25.01.2018 22:03:48 +0000 - build 5133"
"Whole source code is now utf-8.","Весь исходный код теперь в utf-8.","drkns 12.12.2015 18:50:14 +0200"
"Now we accept //these/paths too.","Теперь мы умеем и //вот/такие/пути тоже.","drkns 18.09.2015 22:40:33 +0200 - build 4423"
"DN_INPUT now receives all console events.","в DN_INPUT теперь приходят все события консоли.","zg 22.04.2015 21:26:13 +0200 - build 4353"
"ACTL_REDRAWALL now redraws everything.","ACTL_REDRAWALL теперь перерисовывает всё.","zg 09.01.2015 00:44:51 +0200 - build 4235"
"non-modal windows have z-order now.","немодальные окна имеют теперь z-order.","zg 04.09.2014 04:07:18 +0200 - build 4083"
"DN_INPUT now receives FOCUS_EVENT.","в DN_INPUT теперь приходит FOCUS_EVENT.","zg 04.08.2013 00:11:41 +0200 - build 3591"
"vc10.cpp/vc11.cpp are one file now.","vc10.cpp/vc11.cpp теперь одним файлом.","drkns 20.06.2013 22:55:17 +0200 - build 3470"
"FarMenuItem.AccelKey now has FarKey type.","FarMenuItem.AccelKey теперь имеет тип FarKey.","zg 03.09.2011 13:06:29 +0200 - build 2189"
"Wipe progress bar is now shown.","При вайпе теперь отображается прогресс.","drkns 28.07.2011 19:46:22 +0200 - build 2117"
"All *Control functions now return INT_PTR.","Все *Control-функции теперь возвращают INT_PTR.","drkns 22.04.2011 15:44:44 +0200 - build 1987"
"Param2 is now void* everywhere.","Param2 теперь везде void*.","drkns 22.04.2011 15:44:44 +0200 - build 1987"
"FarDialogItem: Flags is now 64 bit wide.","в FarDialogItem поле Flags теперь 64 битный.","zg 08.02.2011 13:54:18 +0200 - build 1836"
"The registry key is now ""Far Manager"".","Ключ в реестре теперь ""Far Manager"".","drkns 06.02.2011 14:05:06 +0200 - build 1828"
"Alignment for x86 is now 8 bytes too.","Выравнивание для x86 теперь тоже 8 байт.","drkns 04.02.2011 14:15:16 +0200 - build 1818"
"PanelInfo.Flags is now 64 bit wide.","в PanelInfo Flags теперь 64 битный.","zg 03.02.2011 13:05:54 +0200 - build 1812"
"Now makefile_vc knows about VC10.","makefile_vc знает теперь и о VC10.","t-rex 26.10.2009 15:17:44 +0200"

---- optim ----
"Small file sorting optimisations.","Мелкие оптимизации сортировки файлов.","drkns 10.11.2018 00:09:59 +0000 - build 5310"
"Optimization of inner classes moving.","Оптимизация перемещения внутренних классов.","drkns 02.01.2014 18:06:05 +0200 - build 3754"
"Optimization and simplification of lng reader.","Оптимизация и упрощение lng-читалки.","drkns 24.02.2012 21:11:56 +0200 - build 2490"

---- plugin ----
"Mouse wheel did not work in plugin menus.","Не работало мышиное колесо в плагиновых меню.","drkns 15.01.2012 17:18:52 +0200 - build 2388"
"The size was not always filled in PluginInfo.","Не всегда заполнялся размер в PluginInfo.","drkns 26.08.2011 16:54:08 +0200 - build 2175"
"Color selection dialog is available to plugins.","Плагинам доступен диалог выбора цвета.","drkns 08.04.2011 13:47:00 +0200 - build 1950"
"""Old"" plugin settings API is back.","Вернём ""старый"" API настроек плагинов.","t-rex 19.03.2011 21:35:56 +0200 - build 1916"
"disk menu plugin hotkeys were not read.","не считывались хоткеи плагинов в меню дисков.","zg 13.02.2011 11:01:58 +0200 - build 1865"
"plugin.hpp is redone a little.","Немного перетасован plugin.hpp.","drkns 08.02.2011 21:48:00 +0200 - build 1840"
"flags were read incorrectly from plugin cache.","неправильно считывались флаги из кэша плагинов.","zg 08.02.2011 19:39:28 +0200 - build 1839"
"Plugins hotkeys in drives menu did not work.","Не работали хоткеи плагинов в меню дисков.","drkns 06.02.2011 13:11:59 +0200 - build 1827"
"PluginInfo's Flags field is now 64 bit.","в PluginInfo Flags теперь 64 битный.","zg 03.02.2011 04:11:18 +0200 - build 1808"
"Correction of plugin panel closing logic.","Уточнение логики закрытия плагиновой панели.","drkns 05.02.2010 20:42:59 +0200 - build 1373"
"VirtualFindData for ANSI plugins.","<Get|Free>VirtualFindData для A-плагинов.","drkns 14.10.2009 19:25:48 +0200 - build 1165"
"ExitFAR wasn't called for plugins when exiting","Для плагинов не вызывался ExitFAR при выходе.","drkns 12.02.2008 22:41:34 +0200 - build 418"

---- port ----
"Support for a plethora of new reparse tags.","Поддержка кучи новых reparse tags.","drkns 08.08.2019 19:39:35 +0100 - build 5448"
"Some reduction of ImportedFunctions code.","Немного сокращения кода в ImportedFunctions.","drkns 21.05.2012 23:06:13 +0200 - build 2697"
"Another portion of size_t in API.","Ещё порция size_t в API.","drkns 04.07.2011 21:44:34 +0200 - build 2098"
"Importing settings from Far2.","Подхватываем настройки от Far2.","drkns 06.02.2011 16:24:19 +0200 - build 1829"
"A line was lost in imports.cpp","Потерялась строка в imports.cpp","drkns 13.09.2010 11:28:01 +0200 - build 1669"

---- problem ----

---- project ----
"Projects sync with makefile.","Синхронизация проектов с makefile.","drkns 28.11.2009 21:55:50 +0200"

---- refactor ----
"Refactoring. Removed a lot of copy-paste.","Рефакторинг. Выкинуто много копипасты.","drkns 25.05.2020 16:27:26 +0100 - build 5608"
"Refactoring.","Рефакторинг там же.","drkns 07.06.2019 22:46:34 +0100 - build 5409"
"Refactoring.","Мелкий рефакторинг там же.","drkns 28.05.2018 17:48:30 +0100 - build 5224"
"Other related refactoring.","Прочий рефакторинг на эту же тему.","drkns 12.11.2016 13:07:03 +0200 - build 4834"
"Refactoring for everything encoding related.","Рефакторинг всего, связанного с кодировками.","drkns 14.08.2016 15:28:56 +0200 - build 4757"
"Refactoring. Shorten code in the manager a bit.","Рефакторинг. Немного сократим код в менеджере.","drkns 10.02.2016 23:21:06 +0200 - build 4546"
"Completion of refactoring started in 3896.","Завершение рефакторинга, начатого в 3896.","shmuel 26.05.2014 20:22:56 +0200 - build 3924"
"Another portion of refactoring.","Ещё порция рефакторинга.","drkns 10.04.2013 00:18:55 +0200 - build 3317"
"Refactoring of synchronization classes .","Рефакторинг классов синхронизации.","t-rex 09.04.2013 13:58:04 +0200 - build 3310"
"Final refactoring of asynchronous history.","Доделка и рефакторинг асинхронной истории.","t-rex 09.04.2013 13:58:04 +0200 - build 3310"

---- remov ----
"Remove splitting files from copying.","Из копирования убрано разрезание файлов.","drkns 02.05.2020 02:54:39 +0300 - build 5593"
"Remove thread priority overriding.","Убрано ручное переопределение приоритета.","drkns 15.02.2020 20:30:40 +0000 - build 5558"
"Removed some copy-pasted code.","Убрано немного копипасты.","drkns 07.08.2019 20:01:30 +0100 - build 5446"
"Removed the remnants of ACTL_EJECTMEDIA.","Убраны остатки ACTL_EJECTMEDIA.","drkns 07.06.2019 22:46:34 +0100 - build 5409"
"remove WaitInMainLoop global variable.","убрана глобальная переменная WaitInMainLoop.","zg 07.03.2017 03:02:10 +0200 - build 4908"
"Remove forgotten debug code.","Убран забытый отладочный код.","drkns 30.12.2016 21:51:04 +0200 - build 4878"
"remove window drawing lock.","убрана блокировка перерисовки окон.","zg 15.05.2016 17:37:36 +0200 - build 4673"
"double check of modality is removed.","убрана двойная проверка на модальность.","zg 08.09.2014 19:55:01 +0200 - build 4093"
"Remove some misconception from help.?pp.","Выкинем немного недоразумений из help.?pp.","drkns 21.08.2014 00:45:30 +0200 - build 4060"
"CollectFiles hidden option is removed.","Скрытая опция CollectFiles удалена.","drkns 03.05.2014 19:13:31 +0200 - build 3886"
"Removing FormatString.","Начинаем истреблять FormatString.","drkns 07.08.2013 01:40:10 +0200 - build 3597"
"Removed checks for deprecated GCC versions.","Убраны проверки устаревших версий GCC.","drkns 12.07.2013 12:49:43 +0200 - build 3513"
"Removing a bug with Rule3 overwriting in xlat","В xlat убираем баг с затиранием Правила3","svs 03.07.2013 12:49:18 +0400 - build 3495"
"M#0000466 related code is removed.","Удалён связанный с M#0000466 код.","drkns 16.03.2013 01:18:08 +0200 - build 3250"
"keyboard.cpp - removed useless(?) piece of code","keyboard.cpp - убран ненужный(?) кусок кода","w17 24.07.2012 12:36:10 +0400 - build 2773"
"Removing a 'secret' key Help.FollowMouse","Убираем 'секретный' ключ Help.FollowMouse","w17 25.04.2012 15:46:58 +0400 - build 2637"
"Techinfo #48 is removed.","Techinfo #48 - всё.","drkns 16.02.2011 21:03:11 +0200 - build 1875"
"""Reserved"" field is removed from PanelMode.","из PanelMode убрано поле Reserved.","zg 12.02.2011 23:57:50 +0200 - build 1863"
"Removed junk from headers.hpp.","Выкинут мусор из headers.hpp.","drkns 10.11.2010 20:50:52 +0200 - build 1715"
"TI#11 limitations are removed.","Убраны ограничения из TI#11 .","drkns 24.02.2010 15:48:25 +0200 - build 1420"
"Deprecated BlockExtKey entries are removed.","Убраны неактуальные BlockExtKey.","drkns 03.02.2010 15:08:26 +0200 - build 1370"
"LIF_USETEXTPTR and MIF_USETEXTPTR are removed.","убиты LIF_USETEXTPTR и MIF_USETEXTPTR.","zg 07.01.2010 18:21:09 +0200 - build 1318"
"A few memset's removed.","Задавим несколько memset'ов.","drkns 29.08.2009 00:51:58 +0200 - build 1096"
"SHITHAPPENS removed, not used anymore","Убрал SHITHAPPENS за ненадобностью.","t-rex 27.10.2007 20:05:33 +0200 - build 306"

---- renam ----
"In 1810, renaming to ""*.ext"" was broken.","В 1810 погнулось переименование в ""*.ext"".","drkns 18.02.2011 09:21:21 +0200 - build 1879"

---- repl ----
"slowdown for built-in replace after 4673.","замедление встроенной замены после 4673.","zg 21.05.2016 11:27:47 +0200 - build 4686"

---- revert ----

---- roll ----
"Rollback of 4324+, unnecessary feature.","Откат 4324+, невостребованная фича.","w17 14.04.2015 15:03:44 +0300 - build 4350"
"Rollback of 3908.1 until better times.","Откат 3908.1 до лучших времён.","drkns 18.05.2014 17:19:57 +0200 - build 3909"
"Partial rollback of 3269. Too early.","Частичный откат 3269. Пока рано.","drkns 24.03.2013 17:19:41 +0200 - build 3274"
"Erroneous rollback of changes in build 2859.","По ошибке были стёрты изменения билда 2859.","shmuel 02.10.2012 18:40:00 +0200 - build 2861"
"Rolling FarDialogItem.MaxLen back )","Вернём обратно FarDialogItem.MaxLen )","drkns 09.01.2010 14:17:27 +0200 - build 1327"

---- several ----
"M#3129: Several lines get merged to one","M#3129: Несколько строк склеивается в одну","shmuel 07.12.2015 21:04:04 +0200 - build 4466"

---- typo ----
"Typos","Очепятки","svs 20.11.2012 12:48:10 +0400 - build 2960"
"""Typos""","""Очепятки""","svs 15.10.2012 17:47:39 +0400 - build 2890"
"Typo in 2324.","Очепятка в 2324.","drkns 24.12.2011 23:50:51 +0200 - build 2325"

---- updat ----
"Check for presence of Update 3 for VS2015.","Для VS2015 проверяется наличие Update 3.","drkns 19.10.2017 20:23:16 +0100"
"Help updated","Немного актуализации хелпа","svs 13.03.2012 15:12:25 +0400 - build 2545"
"Mantis#1823: Viewer auto-update on flash drives","Mantis#1823: Автообновление вьювера на флешках","w17 14.10.2011 18:01:33 +0400 - build 2221"
"An update of the previous build.","Доделка пред. билда.","t-rex 29.08.2009 23:11:42 +0200 - build 1098"

---- use ----
"Forum: User Menu and panels flickering.","С форума: UserMenu и мерцание панелей.","drkns 17.02.2020 18:09:59 +0000 - build 5560"
"separate dragging with mouse and with keyboard.","таскание диалога мышью и клавиатурой разделены.","zg 16.11.2016 14:48:22 +0200 - build 4841"

---- using ----
"Using standard stacks and queues.","Используем стандартные стеки и очереди.","drkns 05.02.2013 02:11:39 +0200 - build 3155"

---- version ----

---- warn ----

---- work ----
"Copying from viewer didn't work properly.","Криво работало копирование из вьювера.","drkns 22.09.2020 08:45:08 +0100 - build 5671"
"Reading UTF-7 didn't work. At all.","Чтение UTF-7 не работало. Совсем.","drkns 06.09.2020 23:00:00 +0100 - build 5663"
"Eject didn't work for some USB sticks.","Не работало извлечение некоторых USB-дисков.","drkns 07.06.2019 22:46:34 +0100 - build 5409"
"Search would not work in help.","Не работал поиск в справке.","drkns 23.07.2017 10:31:34 +0000 - build 4993"
"gcc version did not work in ancient OSes.","gcc версия не запускалась в пещерных ОС.","drkns 13.11.2016 14:17:47 +0200 - build 4835"
"grabber did not work if a combo box was open.","при открытом комбобоксе не работал граббер.","zg 25.04.2016 23:43:02 +0200 - build 4638"
"gcc debug x86 build did not work.","Не работал gcc debug x86 билд.","drkns 16.03.2013 01:18:08 +0200 - build 3250"
"captions acquisition did not work for menus.","получение заголовков для меню не работало.","zg 28.10.2012 01:57:25 +0200 - build 2907"
"Elevation works in encryption/decryption.","В шифровании/дешифровании работает elevation.","drkns 21.12.2011 20:33:19 +0200 - build 2303"
"Mantis#0001844: Exclusion masks do not work","Mantis#0001844: Не работают маски исключений","drkns 06.08.2011 11:42:59 +0200 - build 2134"
"After 1583, viewer was slow on network files.","После 1583 вьювер тормозил при работе по сети.","drkns 16.06.2010 13:47:00 +0200 - build 1593"
"Hard links creation didn't work in win2k.","В win2k не работало создание хардлинков.","drkns 10.09.2009 23:12:56 +0200 - build 1115"
